{"file_hashes":[{"block_hashes":["BsD4adZDDI2pS/XC7h7o1L656iy4X/9ra4g4vLNvSeM=","2Ce0858IET5zQXmtcQ1qWcmk/sshmafPSS9a4YmAbr8=","JY4V4izYE1DalKbtdLsNDGa4MKnz1TXsdoJfUUp0G+Q=","dhunYldehMflrKO8aKjZTZ5kmgBw6NZiZRr8dxiF5eo=","8AAWVnjgrqqL2ZvF0M7zsrc4Bh9n4Ssf6tDbDD69AF4=","HE/kj1JK+SvsqgvnV7xyPuZvglRmkQJbwUzfvkV5R1I=","LWbYo6QM/CYhP2vPsjDFdw7oe1NW2Q1HXfb0z+MSaK0=","5L74qxkThpAnCrsexJch60S9R2ro4Ak0zvOy48UIZEY=","9zpSv0ZQGFg0dbSt/yGkenTNimBEpZfNarylGwkMc7g=","anp+s1xD4UMSi9xZgnqAAuTf3bR9bPGzGKKYBvozN8w=","8OIizjqhy3vZTkROrjcd0vIZB8EabPWEzaBqemXJ/Qo=","xSST4zALPPiNcnWP71AY8wlQOq/SgfM3hFaMJSWV+Mk=","uDfh15hkebLzlTMTmNoRbu0j9lIHeVWXDmOQ3owfT5E=","yrQ7u4K+RhkFg/Ecr4KBgS1x1JfE3hMhJblTyIjp2tg=","S37ev4qahceRCXlrRAerj8f0VjKVlVdFfTiUD8Ud6Lc=","QNe1i5z1iQq7Q5SGRVMUkco+noGZkinxyiOzzydK7wE=","e6zsIfBFYbmGPG3vcqTXs7I/RD7paJcq65JwPbIQkWE=","BrmYu2TzQapN8Azpdn8tGTMYOHVEu4sjwwmq3RuiK/Q=","RjX/FMpjdgKn7s9LqW0stvWUO2O5Rp/ddbTBrGD7ado=","ueJgVU49nKIMtWpD9k55vO2exR/FSHFv0m9nQD7aGJI=","triu40ZuHeic07JPod/ORTonSn+GMy9KrojMuhKkWH4=","PhyWa/ee+d5l/6oL5sh0wED9NI/Qa1ZHMFs/QDoqcW4=","6S3eQU3mHl8JcpFtLT2KTUDGVCFvuQJrWEyuxao+RjM=","JUzEkif7j/tKRhPE3ghXOSxVu6ot9y+sL/xgMuf/y+s=","hD6ayrQgvb0lyr4pVeJaExscNlsKBkvz9UGcL/lTDaw=","6tkG72LRiGwYgAn0DzdiJpgZKdepJs0WfbejEh9+Eps=","vpg+eP/IKO6NpV+l6yjFOFmuoLH8/69tX3A96NkksUs=","Ncf2VF2hjRRd0lr4XZJkRguoOoQTK7apFd2+V4pFfSU=","Iy3SUACUS7hjhQPIMYIiYkEF8EDBfzP/KUB0R4sz9ro=","9FG71AYqR8cgmKLT5NO7isglqnjmgDQ3ImyiLF+aXNY=","d3Rc3FZUmLFU8y4sGiM0cNQYBwMJS2YTno+AIbYx9LU=","gFWNnQa5B6aB/l4hdk6gMis5aXVe8YyPBBaQcfhMzSw=","ZE2vjzt3vBSMZ8HfP7krEoUuiUFUGM3xZ4f8A1rkmWU=","hotpb0+nRdMvWustGThEQnWHl12w7G+iX5RkHex6Tf4=","YvACJjLsgStCUeXcAnGAbYDwfvp6wjlsVMZBQwqltjw=","TJSZN4W7SwPDsExr0vcSSwuhRwxIHSP/v9VT2342vw4=","6fXnzK0Mm+hTh+EG8xSpZPldjA6/ur06qcgIM/cukbU=","l/vd5I2UEI72Ei7Wh3e0IY9DGLR4iWpb3KV8fsIqW00=","aNL6+TeDzKbNil3IB8Y39UqD4YYsj/gLJmpt8H2mKdU=","ZMOR7EnxkMAqagdbWQBOtAmQfybU8PBuAVgVfBsOTPg=","QCnjtBHhftbGuAEB0Oj3hYmlwzsptzeCStB982MfPpE=","cShwLD8XDITbKee1ZS+oqwfcJApu1R1m5gcURX1mGZo=","Zd7N5o2OM8WLwVoZfzgLDStgCXcb603Yu7+qUVVq7nM=","LCCjlnnmbWwaNZ+8hhuT7wVnnFD9COJ+01TULvDo6WU=","MOg/eTW9dbbQt704c1+JigFM3usIC/4c1e1y3QyC/9w=","sxkkoOOjaAFjrf4UDRhLZoYVTk7z/fRf0XpmuEH7U5w=","WEUAaMm9OALPtCMvXuDMH+C+AnfGxo1WENc7mnUx8wo=","UQCMfSpWxCyMlY7TUi3ac0mq/b+sQw19Aj9KAmMW42g=","NDGdQQNfM2g/kR1H7iNAHrNYRuPaCJwPnU52mtVsc7g=","8l0YumadhXIMsH9PYVP5oeUnmrXkE9MSNehkmewt+JI=","I4QzoFNJZP1VjNdK/aPy5fM69o4bS3kp1D3hsrvyBQc=","HnDYqEyRzgS+0tuyuLqY8X9FDpSgbmrbjPYcAPJqlGw=","8wMYUYQj/sRQzn5AHBF5VZjTmsLMh8QasYKZ0X9ddJo=","nVqEhJUOuf+YxRxHuulOLuaD1XgISG+6bPMp88qxeqg=","rWb7zed6Ok4x/3eVz/ZLruK9+7vYKHbSVL/zqs8VyDg=","nvRPZ9nkB+RTS0ICfIbsXDCnO3Kx0anaUISYtm1puwo=","jwx6sDFOSWMjOG5YEZxU0pbhiFBDtazEmfHUmkQ/9Qg=","LuVr6PgIX6tJWFf91PqeaiKR5EiE5vnyRbs4fR3ROas=","GxSnh7RijMrcOAcRy1iK/ZG6RnLwYiaZJOr+g2Igljs=","ziklo0qDxUy431y7LXPHsCYtBIu+YKisAUyIydZ3ms0=","COz1xJoKzHIR8v9GCJdKLO56HuBYecCezuUraPiUqZ8=","apXsispmJ/achFv4GHKPJEpqtsAkFFBEbbM0owHnsnU=","GzF15LM3JeYFfCgpINR2oK/Z+cvw4KRRbFB4qXqHiXM=","8ih/UGp/GvmbS1DnZpQ93tKhVfHhoh2/+LBTZhOgncE=","gr0xw/E6ecpF4j+tBvsfiwO2CE3LioZYyLjyciN7+jQ=","wG9o2ai69j++FCd4ZUHoZRL2NEmASsKd8mQJLdBz8BY=","h8OTveLWEPPeZkhs4owBvjJCBHCpM510EloI9H10qtM=","/pZqNr9JeKG3NqOclv0CbHD1IEIutz9hgOiYV9uLhPg=","O3hCJNrSKTCkvbtjtJExGc2OUGn2n54n6nPenOgtIkQ=","/75Zif/QklWiqIeTXf223C8+uJypMh/ekeYpmAxVxUM=","l+sPZmav3rZRrvLwDmRpKGIE9HwwSU79D7RfCZXFCnI=","386DbjeCVFOTQKTZxoDFlVoLIWy9Kv44k7inmniv1c4=","8vjaPqm9YrL5W9d8/OnFWhavbdSh5pXOh4bT1YxohKo=","kyGYBU7oJD52b7R0CdKjiqgjguzmZWVxOoI0ElhAvdE=","Vfb1gIW1eqafz4nAeLOkZWTsMrUcVM5vYCgYy/2Y3O8=","iBh8J0o7rVJydJ72Q4F2ID28Vq9UERnhaMmPdN8q4Ng=","EpT/ao0uaKYRD8Hx4Uj56iqHW6i74JMxjLvA39xHhvw="],"block_size":4096,"path":"build/backend.js"},{"block_hashes":["1SzNU2X1u3tFohUL0sswsQW7/3iJ04FjXWs4L6Aiq5k="],"block_size":4096,"path":"build/background.js"},{"block_hashes":["mVRs+tJvxAQGJNciyf1df0ByP23XUbTG68WaVP4MhjU="],"block_size":4096,"path":"build/contentScript.js"},{"block_hashes":["Z58KEKPGfvmGYcJLQPUiKgCpXro43caxIcGZAI35CH8=","NzEJUzJgtcVfeh3KPAHSViDxS1s/jCSda2qs9kb9yaY=","cHJILkzYpR7docotUKONjUQ5iggfRgcpgEOHJyDQ+vg="],"block_size":4096,"path":"build/inject.js"},{"block_hashes":["z+V57jiha3j3dD7OiUseoQtHfnw12EpUTXNTz/wpnDg="],"block_size":4096,"path":"build/main.js"},{"block_hashes":["yqYEQmAXVxKqrzuVlSpHNr43rzv8OyjkaDR5YDHli9o=","9nmTxHf+5vmrFFnz/u21xF91PNRlSWAbPNxjzNXe9dY=","6CwphE7Uo3k0BZpIFxkvkPkagY2WpA6J5eJLCU9LcUc=","7X67/vlhMbvtP0sc1HPjXrqvPoTE4nXEfRz4HXpQmB8=","M+WzE0HUY/I9BI7tx0MQeZf8foNMyPzyAoEvWe+pnbc=","r08drHLtOA53QB5C90DtCIHmOv7RlgSCKa0DDuKVU2g=","+pC2YwmqT9ZkYGb8vc2q96Y1Wjxod9xGbTvJRlbZp8g=","QcHkxipvfWUheUNgaLvqbVsPKYBhcjobAYU8lonLeUk=","AHVgfhgWZ7tPUABrf3JYpNxTRVuhU6rG2GYpVleGy9M=","1v8wUaTUEcIiCCgkc2+pWURgBUiao71/KN4rFixUSe8=","AiJ+bZSLk3ZQtKj9w6I0TDLfcGZhIf75YV/zVG7APK0=","jz80sEbTA+6BIQXY7QRnt6HFtYvLwGgEPUb/Drc8JJo=","YfzfgUOsS+pdEMqq3oq8rHkCxQkL8HlPSWgmei5FwUs=","CRDudW64cpYBGIluh7XRN7dlZhhMMsd5MO1AmURrFiI=","C3jlnwi5bvhyxHYfIyCt8lkHjOZSPWyFEkHRoVz4goo=","7bD8QyOtQNq+qnuvpZ1zpDu9c7DPKMCeBOim5XTk83A=","G1xi14MM3PJtgdIRsy3XkELtyFf80C9TQbffR9BG+NQ=","LBOxKpprU1abb8+v+WtpH/ZUzHiyf16eJSLCC6R7TXc=","7eLqosOX5ezkDX3rvTJ4KBYsQC9R2hBxhH/FSFLRNZA=","vdW79PuKd2nBiczm6Ezz3U/Kq+zpTRZIt9D5H1tTID8=","mRz/0zy3ODdUYtY2xfwd3iU1sD5mYzFHEz2IPIh5G9M=","KSS017SbpmTuKIDqKyXEpuQBd6lV8LSHzmL+jmiZPDA=","xgjcPg+/lTfBT3X1b215G2twx3ROEJB8+/Lb74Zzn+Y=","YRpCTG9CYupexcSV/c5IK1sZpcCQB9c1L51hkfGrvQA=","3rKbPtWt16/1fuGhME24jii8WyD5pOMH2rOzXdsiFoI=","xRHHiu+JpNrDH9T0wWUDX+ndcH8xomdlO/I6AQMeY20=","m/UMlHRs0UFkui9L0h7diVvEUO1eM3XwhbWKkxg1vM8=","IyrITkkUE//dMTPQKH0NwIdE8W6OznzGloarzq62m3w=","TM1DaxkTAQ0QqolZ0d/jAZS3k8Zu/0ooEcV5y44xv0g=","dyhPuKQSTqfuzXJGjKTjBAjeXRsfRZq+UgzPzvWicec=","Nzj1+RQOXvgioXxLTdyaRPCzyy8U8yf2I9H0UDjPRVM=","9ve+gz3jRn2YPlog2ziQbRJwQjy2Dp4HdQUEUdUHyy4=","buHuE2ZhHQc6NycrV7mLsAWpECIpecE7x3Kwxu4/8+I=","MLSGuPHCgc/WCQWptYKLhb6I3o+X4w77hyokqqJrd5s=","+kKtz3HKXRt7D4SG5UUkmqa1o/0LIjB//+zgQ/okabY=","Ynf9ScDXsKMB4G/ChE2d8aYWlu36zlvuOsCrNY+vMvI=","mzkjqdshQk5uGjoyWe/vEbLTo26XG9WsRjS/vGPbfhM=","SbPj8rdzC+YTLuy+kUhRdeLy3BDE3lCd7Thcn0UU31M=","eA8aTO+Sg72EeCO+vqRphrOObpqEa/BT/PSLmHiy4KU=","f0xvJjxZ0KiZDmInYpjZ8UQdDnr+f6MB2ntq44xlP+8=","2I4df+6pX9X8f4pXfG/BH2Z4uuHy/8hDZbYN37lSYbY=","LLioSFAAdqQEOKUkH3NW+nNiS/FFRKhSsm7Gq/OJYs0=","J084qW51qIqEsKs2jQnF4QFXytWVynhmZoUKyOxYiXk=","kzuCZOeVAUgNVaf0oCV9wzBAG+HStzAbwtBqGACRyOU=","erwkkHznSeMltcm+Kt1RoYj4r+kSW4iXqGTPzr/Sxsk=","GF5NOGpdCjnxj0mtlwEyg5SrP0iX8dpbXYMufdgt9KI=","0vi+DyGyPb19u8xV/Cc7/48PcixCFzAjw65o6NdXzhk=","q/BXx3KS5g7oODd6z/aK/Nw/7tZ53NDTPyYAFIYxjrs=","aCnGMZhnnxzMOsi0KM2XdXGqKlRm60iUmhMsF/5r6V4=","FdrbxVQHe2IRXYN846WrBTq3FnrvB8VvIdyFaLIPiNg=","wI9sXPA1O/tbb/XuOQkltzJ4dXzj8aQAq49doh4srME=","Azsay+IDa9CbsHIW7r6yVFsvud7x/vpA3UxPPQPKCe8=","qkiCgz4X+hhe9vnUfg9l8tCRN0KoCv8952rrUFfc88s=","gwlG+OLLJY80TBs4TSY5638EZwdbiGjgcZY4PfvE0dw=","MXo9zZw1l1sJ4I+LF3QYMCO2ewJhp85B/sn7yeWQnUQ=","IQSvom8b1WV39GvP/61AntjyexY1opSRHvpZKSW0l9M=","HtkMwUFc2PZZWg+WaaMcOzzbH73dAshA3x78Pm0+E1U=","7VXLUdmV2F4DcpG7ZXEyNNW7Tlauz8G/D2Qo22I+tCk=","8hnR6SlD39AtOZGWxFhL5ZBUBW4qvpIFjE5b9Dt9l1Y=","5F5+zQJTSwWgG2VMa3KbdTcf8WZyu7mwoS4YG3k37KY=","/eCOPgORLOgjY4YYUlJ61T6VpyVh3PP+SDtnF7K/bVk=","OOvu6H49sIn24qXKlDXRlHnau6FaC0+wop+D3Uotv2k=","iaGa6d1VuDkJwLKZtNsfjRSW3+Bb47pGKtPdtKAKi64=","/caqkb0/91gqfBzoJk5PlDB9wpmLSS2VQp8Gpf6l2vs=","JV08nDAFiYIZuWjzuHEn0vbEYyzMyBvNwVdfdRDMFaM=","CiDz5KW538fw77LOzxrBEeZZHwhbtN63ULBjsat4WYk=","O0iHGnlS2MNqdcjqSpSFyvMd8Zm/zaGbRLtGhIyFcjY=","Q0XTzZ+I8HxDzVaOzmjf06X+xiV9MSS0B9TBGGT1x6E=","qm6BTTObpe3o1EAVJU1DeUvizVXLvshlFZ0A5AbY0wc=","0uZ4eSrm9xWAMX7XkX1ruWss8Iv0XZX8r8TDvXiQLoQ=","WexjdefFiOxWm7fqaQDG4k48XWzpbDb6/Elsdfc3yvY=","uTPPxZvrhqaR5BtO/XGCY8oKa0crfVkTGdq/y5AxbFM=","NzoTtiMUw7JFR2rvx/7SPtkuJOCrmVPgczU6sjqWMDc=","XfNe5KnmNTbbIYDxboEoVYYynch0gIDt65/icphw050=","WS0pba4TxKoPdF6bhwXSDRFi14jAv+CvXlS2rXXqbE4=","hsLSOBDEwE3Kve4bR19KclscR9TIxmNvkpZ22U1DjgU=","1L13ActT2wUC9pf/DLSmHZ+j72Oi3kss4IG/IADMsUo=","xlEv234Z9w57q7KHZdYCyLL6GmLDMa0E/hEk6nKZQUQ=","tYbJN2WWt43ZxoQvPwkWiwBb6lUXkqES0kXSfF35diI=","KpOy/xYHkKBSe2PmB1aNY6yApP9vzr2ZKRiOuCGfrCE=","bmwMaUxeI1XOdm6Ovbugg/EIg3IYVH5aX9I7C1g4jVw=","D5HdlOyCIKjhOB02/5LRQMub7mcdtIYx9qaJPYh2hCE=","z9wT+FEI23UaAQI+anVdCnLIkSI1GsYX/tKxzomFTlM=","DI0cKvAY03vgnx5wq6Go3ekFXz9aGreOFb+8tK2OTdI=","eqYwQyXD59iT/Bt6AA5D49u+oacz7hSGrbphDM+h0Uk=","GUSdsJtJlI3HKxM31/BD7Js0DeqFWWntQ0GQxzL+bP4=","OCVQDdGsXJhETr01q3WC1ffmtHp76E9I93jgP9J3zjg=","nS7omOgWH6We8iTrNCEAPkZeHXUuIRHVDSKBDjef/yA=","FE9FrSPBRF6kRCmBYlJ0088JaT208/MJcmew3MpPixU=","K5JzynDp9QJwcrdRXerlqusG1EstdbzC+hsuvUo0TKI=","EE8zIUxsszYZd6k8YfOaZrx+jiGut0p44eIEvV6QH7s=","zKwXMxSQEBmU9+UNk4/nKfgznKytBiQCFD7gRxDtyps=","aDN4F6LD2ELnDNpeHumGmC6mKnXaPrXYLKtyFeL5eCg=","4Mnrk34F4bu8Tlr+wNwRwK0Cekh8b8+SIP/sWwsGyNA=","ozMmYqIvBM7b2OKWj2++zkc+BZTxsjNqZsvuHEHFubo=","nYluL5tN01xoBz06OrIBfgKXTarFplwmdpGTgKXpeKI=","IsKpu0Wy64wAG5F29XeJGIcrAnhAW64VQPkO8Tkwep4=","OT2D7PfkonNumXI3B3XTAvZbstFo+c7hFYI5V5Ls0zg=","tIKhO7wRj0PHEo0ygwSUB4v3RiqB1aThToNaqwL1p3E=","/Rm4zIedC67PWyiOQKTHwoPjsiGaQfodYEqJfxZNPCQ=","eHKzYZlxXL+I4abhQ0kxZisQUyWqbMzmsKwTEM3pIWM=","k9bnOHqhcQ6r1/e7fgrMUZgpik5UU1owRbW4q9i9kYI=","NVwGmhbCUr0JVS3OlJ3UZrTRp+Hn0/M/d3UCJ2Ppa/A=","mdWmij3y45lPSiNlrrtZZwK65NJEws+aVyO6bN6Zi+I=","Seom7e4Myln+I7ob3s22HLqfPfDnW0qm7J3I5JZaQeM=","+1njuN6IiIQSscGyOoWdGUe9ihH4GFEt1dW0XNq9Yfs=","vqyV3bcVuVCAS4cxd0UsIko8dycCh3CAcvxhe36ovjw=","da3O87XequmQE5lGJKqaGNI4NfQ4BURcM9mTE/SVv54=","T7DkCPMrfsxY8NkoHBKx4VZ14SnZ80rfFv1eSMwZgjA=","f4KU3xvuaOhfBNSkOIQgL1xAaxzBWDP7TsN8dyXUyiE=","B+Vc5a3IJ9HsDQ/8orGem/8Zc3WsGLasZuRiWvhPjMg=","XpQpvi8L3Ni5q/0CuuFj9FkD+v/sSJBc4eA3I2bt5ks=","Gyw2Q0hlb9d7645mtwhcqPlLPJAylaqn1yxVr2LWG1I=","UdZmyYSuXRVsFHgB5aAYTryBebh4Div+u9d/4xpnsbo=","3issXK8fSvRY+4tsxlA3soxVArYHLVOGN4H1o3/nnUU=","Uv95etteVR+9lgP7594pLSosHLtdcpts3o/ySRXF7kw=","BQLTHkyRG9JlzvxUyfV9y+fYPpXBysKqzLKyj5kc63g=","QWA/7JPktTdBIVQIzcF1iROjzoS8Ih8fQErOz+3SYnw=","wyWZE6UzVvatIwm/jsTVEezpmxwem+cprlLjMwUW4TM=","bIbCvyMaxoYNIbP3SKogc8th6kSchq8IEazJjy/VssM=","UMznT4OI197/tBRvnp979Uc44cANHb7PnsnY79PU8bA=","p+hg9h7qP/dUbFINgxMQH4Gpe6XnKOlX4eqZ3V//KQ0=","DmtYS8nGMslroh8j/Gqh9zfp5aq2Hfd7AOyYVWQWfig=","Xg3R/b6ed183LCewgjyk4emYJuet1yo1VkExmL2iuK4=","WnxeZwoJS7A3xtTC4fNvcm3ATk86QTYVXBYbgSSvu5Y=","vf+VxIOn6Zd2XbdSDf1LsXtkmsXQzl4ypmgsifS3N1I=","ZBKNhURgDiTSe9GbwPUV/3xDlcIP57Og5SkGGubny4c=","q2Zb3JPwRpoIkaKKugaV9c4EY/WzABAxOdPcibUBSUk=","UUKe1ARHf9tQAN8NElXn4uIjFzj9KpHOZSQsb+nq48c=","hKAgHRKepPuQihvaqNuDjhz7/aNRL1omwBu0RCMKLsQ=","GpAwH9Clsv4q25E78iyIcfHFZwK5dWW2kAnXAXVZZEU=","h+XjIz3fhCmya5x1jyWMSggLqDX0ujmlOqEGD0bW238=","uIyOxu/xzLXJ6fYQULq6bt3JTU4itNBKJabpA9QvpLQ=","JKXo46MqlVtewgDJi8qstmEErzGMp1AjESf64wYTufQ=","5CAVc0vSh0E4jXRBWOPGHvg98Cxqe+IeqxPs3SWQYi0=","St0uAeaWWndkSCRDT/EegnjUNbVjDKptV69mOyPpavc=","rWu4wvnP5oYwQTKO2Keut75T+eGqMeGd2hC4KWCUB9Y=","li4azI7do4rfooUegU37o0hE7HiI7ysiNAoH5F8MaFU=","f5IDZ9ZsnOj7SHpVKCpXVvwLd5gahl3US1c66C0CmPA=","P8EePZb48xEGnJKkAwsKvmY5wUQEHhz/1qFRkfO+9Zg=","zN2p7L8KlasDLHg1DA/N2UOWOnq857lUNKXpThleEmk=","U1/QqdsYy9xu27g7623PxrliiiYx+SkW+JLB9phnr6U=","zwW+bWId+22Kkp+QBGA6mGKy9v4xT/crfzTtIY0c48I=","lXUwq33MBrbNS21o5ucVQ5e4sTtWtMHcJyniErYb2mc=","WDDYdA2GhFklYMAbg4/oGGNSWe0waN1PmiYYf0V4jPg=","W58S3m6fbkPsoaDBWFkHuOYJlZwg+BETBqIxhmUln30=","A/Zjmn2IWRrOJuqrsd8KJkReBq4l4RLG6q3Jd3U9mYI=","feYALbViISBDH+Vednp+kh3aKc3X27SbCwK/ZSTOt8Q=","4ULKnbobSFxSG91G+Fag5rlIG2bUcZp1OwdJf83Zddk=","J6pNCih7/EsLtTRbGUUxk24rAN/IqvihutBlBSkGuv0=","6WvWz1kCdXxrzwl233P82CYwC9xysS+W6Xvh0c4hkqs=","FopLjb7AQMQeYxslg0DridRmw22dvkZBaybcwRpVrzU=","wfbuS3SzLkmzVxmBZ0olPRNBuSKBUBceviHGHkRDnNg=","LEi+M7r95x0kdFjpjQkxpZ41P+BbJmuhQiVjlVul03U=","FI2bn5aidUaw/SPYY3uyxN/lQ32SP5QuEplAXXDig8Y=","PZl1nZo2zwBGrxXOQ0oBQpkcxWML95amBKG6kU+W/40=","JfhCEtoNzhKeW8BWQP/1OCY7kbFEK/AP5SaqwzSCWb0=","+4QccFYn9uXKBQPeplrpg7Y9H1otsA9iuUyui4LpsEY=","i2idQT+8Jzov/HSVQQyDjcQVxkRxMkryjjepSqxnaHA=","jBgw80dmMQt3FomYjsLxLL9WD4m1NlCQxAHx/neIbP4=","FPgXAIdpiMuq65a73sqtL9A8O3OgZFV+zfOqrpfyCwo=","EJGR/YHGiRNkmgDPAgPflO66Mqxulh4riQC2YpVdye0=","QxgU0USUn9lGtMT5H+4xqH975cfPfN/9McuRIknWWI4=","si2ui3kuJMTnjFg0ZG44tETq4hMEY9ndtIU1wCZ3lAo=","/Q6L2gJd5Ei0q6K1E3ncbFwpeC6LGL+CYuLcA8NcnH0=","ww9d/bdNlBrprT1FNkDzvLObyK8CpI4QP9gQO5hv5h4=","THasAEfoSuLZ3viJwII/cu7xCm195c4jxipAkPDnVlQ=","kkNPipcVp2IlZdS00edWMmzTOUKkAJTAnTqcpeZ3JIM=","nYzJFuLdtqDdtmTKz4dn08ipOSeHKq3FPRoyGxF3xyw=","G04XQ3mLYFcdJRVTb8X0iTdR5Sy7gkPr5pXqUBmuFeg=","yM6BIjxdknI9Z5NymS/jgIR+2r7dZIioO3jSl0ZTLtQ=","t98vt36MiAlyWrUTFfmul+3CdZ0iDdpofP1Un26aiw4=","AW2VsW5JNU0lTlriGqjblQovL87KLq+O6gPDzRvADK4=","dBf1ZfV440KVFdZReal7xXGzpSqu4CnDfdvp6dFvUF8=","qW/NXHDknwBWnfxR3R5AikaBSkqoepX/RMJcUlrKgZA=","JhT5ie/v4gnxXYlBYgILIhApsko3CCwo9On/UV9Owm8=","0BLKsBZtY12UEj3RXiyLmBziFHEyjQaHn9e0mSOpmww=","G8kqlIYUPpyIReHwD+BI8p+9RvQiiBYgigvqQKUBslE=","dn0+Vo11GxqOnNFU6yDFSvypiIixVvnfaU3hqGIQEeY=","x9qVEIH+Z57ZwrIgsciwIoNbhqzaZHu7DXr10eUJf8s=","uJLx2Z4Bq8MVwlK4La4IWVaL2OyDuo3avKnovEAJ9mc=","3KEB5KuBaWlfaovGJ4lkLcp0aN/R4DfJr2s3tNcgJ78=","o8heaXnCnJfOCvwxEmbWZgn0SSMXhak2OvT2TdyR6uI=","BTRWuUVjULqYg3f5VTfmYzy8gMdttG2f3GDlvpz5WLg=","6YCCkTazjiPlx1m3GCQXwUHJ8+Wicc6s9LuQ6SZjzH8=","tY+C62SrdSom1Gv8Eku+qUTMBM7/EmFx06eXMROX/Dk=","ZJKPZvgX9OC5qJwF1IQgI+gm2Kzii+VegIN2qB5Fem0=","FTSJLmzjJq2uuLeguqwsJSsNvpkeNqh4I3jGUj8RlXU="],"block_size":4096,"path":"build/panel.js"},{"block_hashes":["0WTveHSmUeTH421fRTviI8iDjkFwqvSP/ZrygTnn9Jw=","jluXLKeIDib585A6U3L9OuR6achfXG7jkQKTaWss4Lg="],"block_size":4096,"path":"icons/128-development.png"},{"block_hashes":["o48eP1/U+UzYPhyduXRBFq4ENdhDJXgIayXQZKhEQE4=","PCo9+9BpXREZrg2b1B35OB0d31pPebAj8u+mKC/kDvg="],"block_size":4096,"path":"icons/128-outdated.png"},{"block_hashes":["0WTveHSmUeTH421fRTviI8iDjkFwqvSP/ZrygTnn9Jw=","jluXLKeIDib585A6U3L9OuR6achfXG7jkQKTaWss4Lg="],"block_size":4096,"path":"icons/128-unminified.png"},{"block_hashes":["/bxiVxniBpe1DnBH1tk4CjXdajwxkP3hRnpHd5DALEI="],"block_size":4096,"path":"icons/16-development.png"},{"block_hashes":["/EWeZHyZk064lP2X/cY2GpquGBHjzCqNy3Vtsv1/5aE="],"block_size":4096,"path":"icons/16-outdated.png"},{"block_hashes":["/bxiVxniBpe1DnBH1tk4CjXdajwxkP3hRnpHd5DALEI="],"block_size":4096,"path":"icons/16-unminified.png"},{"block_hashes":["99Z6YdK/lL9iQYyMUHIpOVRSWJ6nYAD62lxRCk0/dSI="],"block_size":4096,"path":"icons/32-development.png"},{"block_hashes":["BVKH+nq22PyP7Kf/eAqXx7U3S9g32F+p+lqUQ56pFl0="],"block_size":4096,"path":"icons/32-outdated.png"},{"block_hashes":["99Z6YdK/lL9iQYyMUHIpOVRSWJ6nYAD62lxRCk0/dSI="],"block_size":4096,"path":"icons/32-unminified.png"},{"block_hashes":["gGrqVraNIx7bz3IZm3t1BqopXHTTAOmwFSxzqtXhfB8="],"block_size":4096,"path":"icons/48-development.png"},{"block_hashes":["xtV8STAVn6W52Yp9h2qtwGrGrW9x+71GE4QFg26zFoo="],"block_size":4096,"path":"icons/48-outdated.png"},{"block_hashes":["gGrqVraNIx7bz3IZm3t1BqopXHTTAOmwFSxzqtXhfB8="],"block_size":4096,"path":"icons/48-unminified.png"},{"block_hashes":["O5Bnq1RwRWKpgAe3xKw/qzoLetO+MTjQl9qKxbVz/ow="],"block_size":4096,"path":"main.html"},{"block_hashes":["fTLG1fs71dbK3kBdXDtfZiZcDw7l2ZGiyeS8gRqVq1Q="],"block_size":4096,"path":"panel.html"},{"block_hashes":["kK3MvsqCK383uQM7mfyBezboyWxnyHTX0iugomC1gGI="],"block_size":4096,"path":"popups/development.html"},{"block_hashes":["w+I/FeNj0jF88DmFkOrF8iRRtFUIacxZ0jjl4N40qeU="],"block_size":4096,"path":"popups/not-detected.html"},{"block_hashes":["nvX1j237TjBCHOfe4+v8tXlSxjOlsGz1SiuEBj/Y0LE="],"block_size":4096,"path":"popups/outdated.html"},{"block_hashes":["nkOrdJ9vhrfKoOusG7J3qFQn/9kckTN+0RRMhLxCklM="],"block_size":4096,"path":"popups/production.html"},{"block_hashes":["ir0ZHW3KhQi+EU74m7grow19nf1ZO1fg3xTcnfKRzuI="],"block_size":4096,"path":"popups/shared.js"},{"block_hashes":["R93zozOoEujf0I7wLCCKDc1lOwvdyQR1KGNkl9LfP7o="],"block_size":4096,"path":"popups/unminified.html"}],"version":2}